{"anchors": [1.88, 2.38, 1.31, 2.11, 1.69, 2.19, 1.59, 1.94, 1.53, 1.66], "inputs": {"input0": [224, 224, 3]}, "outputs": {"output0": [7, 7, 65]}, "params_quantity": 1882961, "loss": [[1, 1.98432], [2, 0.97211], [3, 0.52457], [4, 0.35125], [5, 0.22694], [6, 0.71625], [7, 0.23854], [8, 0.1797], [9, 0.17284], [10, 0.11816], [11, 0.09263], [12, 0.07775], [13, 0.06777], [14, 0.05331], [15, 0.0432], [16, 0.03799], [17, 0.03152], [18, 0.02765], [19, 0.02419], [20, 0.02154], [21, 0.01871], [22, 0.01777], [23, 0.01641], [24, 0.01511], [25, 0.01365], [26, 0.01189], [27, 0.01154], [28, 0.01176], [29, 0.01144], [30, 0.01117], [31, 0.01124], [32, 0.01099], [33, 0.00981], [34, 0.00955], [35, 0.00842], [36, 0.00789], [37, 0.00731], [38, 0.00732], [39, 0.00725], [40, 0.0072], [41, 0.00913], [42, 0.0077], [43, 0.00782], [44, 0.00716], [45, 0.00646], [46, 0.00566], [47, 0.00564], [48, 0.0053], [49, 0.00467], [50, 0.00449], [51, 0.00465], [52, 0.00434], [53, 0.00448], [54, 0.00393], [55, 0.00402], [56, 0.00355], [57, 0.00371], [58, 0.00382], [59, 0.00385], [60, 0.0032], [61, 0.00332], [62, 0.0035], [63, 0.00305], [64, 0.00318], [65, 0.00286], [66, 0.00302], [67, 0.00304], [68, 0.00296], [69, 0.00323], [70, 0.0031], [71, 0.00296], [72, 0.00272], [73, 0.00283], [74, 0.00258], [75, 0.00246], [76, 0.00236], [77, 0.00213], [78, 0.0024], [79, 0.00228], [80, 0.00284], [81, 0.0024], [82, 0.00224], [83, 0.00203], [84, 0.00205], [85, 0.00196], [86, 0.00202], [87, 0.00172], [88, 0.00193], [89, 0.0021], [90, 0.00201], [91, 0.00193], [92, 0.00191], [93, 0.00179], [94, 0.00185], [95, 0.00194], [96, 0.00178], [97, 0.00161], [98, 0.00191], [99, 0.00189], [100, 0.00188]], "acc": [[1, 0.07258], [2, 0.09623], [3, 0.18158], [4, 0.26965], [5, 0.21915], [6, 0.2247], [7, 0.1303], [8, 0.0855], [9, 0.08247], [10, 0.08666], [11, 0.07933], [12, 0.08221], [13, 0.07802], [14, 0.08791], [15, 0.09487], [16, 0.09639], [17, 0.09362], [18, 0.09686], [19, 0.09984], [20, 0.09958], [21, 0.09733], [22, 0.09513], [23, 0.1001], [24, 0.10476], [25, 0.10419], [26, 0.10581], [27, 0.10387], [28, 0.1078], [29, 0.11125], [30, 0.11151], [31, 0.10816], [32, 0.10874], [33, 0.10717], [34, 0.10591], [35, 0.10863], [36, 0.11078], [37, 0.11156], [38, 0.1101], [39, 0.10968], [40, 0.10701], [41, 0.11251], [42, 0.10999], [43, 0.11528], [44, 0.11047], [45, 0.11031], [46, 0.11031], [47, 0.11413], [48, 0.11366], [49, 0.11287], [50, 0.11387], [51, 0.11308], [52, 0.11413], [53, 0.11675], [54, 0.11355], [55, 0.11324], [56, 0.10911], [57, 0.1089], [58, 0.11648], [59, 0.1145], [60, 0.11193], [61, 0.11151], [62, 0.11293], [63, 0.10848], [64, 0.1123], [65, 0.11251], [66, 0.11418], [67, 0.11245], [68, 0.1124], [69, 0.10942], [70, 0.11141], [71, 0.11193], [72, 0.11397], [73, 0.11167], [74, 0.11015], [75, 0.11136], [76, 0.10942], [77, 0.10717], [78, 0.10947], [79, 0.11125], [80, 0.11748], [81, 0.11068], [82, 0.10958], [83, 0.10842], [84, 0.11015], [85, 0.10801], [86, 0.1101], [87, 0.10628], [88, 0.10764], [89, 0.11047], [90, 0.1078], [91, 0.10774], [92, 0.10576], [93, 0.1113], [94, 0.10822], [95, 0.10675], [96, 0.109], [97, 0.10832], [98, 0.109], [99, 0.10712], [100, 0.10842]], "lr": [[1, 0.001], [2, 0.00098], [3, 0.00095], [4, 0.00093], [5, 0.00091], [6, 0.00089], [7, 0.00087], [8, 0.00085], [9, 0.00083], [10, 0.00081], [11, 0.00079], [12, 0.00078], [13, 0.00076], [14, 0.00074], [15, 0.00072], [16, 0.00071], [17, 0.00069], [18, 0.00068], [19, 0.00066], [20, 0.00065], [21, 0.00063], [22, 0.00062], [23, 0.0006], [24, 0.00059], [25, 0.00058], [26, 0.00056], [27, 0.00055], [28, 0.00054], [29, 0.00052], [30, 0.00051], [31, 0.0005], [32, 0.00049], [33, 0.00048], [34, 0.00047], [35, 0.00046], [36, 0.00045], [37, 0.00044], [38, 0.00043], [39, 0.00042], [40, 0.00041], [41, 0.0004], [42, 0.00039], [43, 0.00038], [44, 0.00037], [45, 0.00036], [46, 0.00035], [47, 0.00035], [48, 0.00034], [49, 0.00033], [50, 0.00032], [51, 0.00032], [52, 0.00031], [53, 0.0003], [54, 0.0003], [55, 0.00029], [56, 0.00028], [57, 0.00028], [58, 0.00027], [59, 0.00026], [60, 0.00026], [61, 0.00025], [62, 0.00025], [63, 0.00024], [64, 0.00023], [65, 0.00023], [66, 0.00022], [67, 0.00022], [68, 0.00021], [69, 0.00021], [70, 0.0002], [71, 0.0002], [72, 0.00019], [73, 0.00019], [74, 0.00019], [75, 0.00018], [76, 0.00018], [77, 0.00017], [78, 0.00017], [79, 0.00017], [80, 0.00016], [81, 0.00016], [82, 0.00015], [83, 0.00015], [84, 0.00015], [85, 0.00014], [86, 0.00014], [87, 0.00014], [88, 0.00013], [89, 0.00013], [90, 0.00013], [91, 0.00013], [92, 0.00012], [93, 0.00012], [94, 0.00012], [95, 0.00011], [96, 0.00011], [97, 0.00011], [98, 0.00011], [99, 0.0001], [100, 0.0001]], "val_acc": [[10, 0.0], [20, 0.35227], [30, 0.85227], [40, 0.97727], [50, 0.97727], [60, 0.94318], [70, 0.97727], [80, 0.97727], [90, 0.97727], [100, 0.94318]], "AP_5": [[10, 0.0], [20, 0.0], [30, 0.45455], [40, 0.81818], [50, 0.81818], [60, 1.0], [70, 1.0], [80, 1.0], [90, 1.0], [100, 1.0]], "AP_6": [[10, 0.0], [20, 0.0], [30, 0.81818], [40, 1.0], [50, 1.0], [60, 1.0], [70, 1.0], [80, 1.0], [90, 1.0], [100, 1.0]], "AP_7": [[10, 0.0], [20, 0.0], [30, 1.0], [40, 1.0], [50, 1.0], [60, 1.0], [70, 1.0], [80, 1.0], [90, 1.0], [100, 1.0]], "AP_8": [[10, 0.0], [20, 0.54545], [30, 1.0], [40, 1.0], [50, 1.0], [60, 1.0], [70, 1.0], [80, 1.0], [90, 1.0], [100, 1.0]], "AP_1": [[10, 0.0], [20, 0.45455], [30, 0.54545], [40, 1.0], [50, 1.0], [60, 1.0], [70, 1.0], [80, 1.0], [90, 1.0], [100, 1.0]], "AP_2": [[10, 0.0], [20, 0.27273], [30, 1.0], [40, 1.0], [50, 1.0], [60, 0.54545], [70, 0.81818], [80, 0.81818], [90, 0.81818], [100, 0.54545]], "AP_3": [[10, 0.0], [20, 0.54545], [30, 1.0], [40, 1.0], [50, 1.0], [60, 1.0], [70, 1.0], [80, 1.0], [90, 1.0], [100, 1.0]], "AP_4": [[10, 0.0], [20, 1.0], [30, 1.0], [40, 1.0], [50, 1.0], [60, 1.0], [70, 1.0], [80, 1.0], [90, 1.0], [100, 1.0]], "mean": 123.5, "std": 58.395, "label_type": "detection", "data_type": "image", "labels": ["5", "6", "7", "8", "1", "2", "3", "4"], "best_eval": {"epoch": 89, "val_acc": 0.977, "val_info": [{"name": "d42a236c530a48ebb2b076b30c90b19f.jpg", "nickname": "WIN_20220908_18_12_43_Pro.jpg", "pred": [[78, 57, 125, 119, 0.6857336163520813, 0.0], [123, 56, 169, 119, 0.6334928274154663, 1.0], [78, 138, 124, 205, 0.7684949040412903, 2.0], [129, 139, 183, 210, 0.7796611785888672, 3.0]], "gt": [[78, 63, 123, 123, 1.0, 0.0], [133, 59, 182, 122, 1.0, 1.0], [78, 141, 123, 203, 1.0, 2.0], [132, 141, 183, 206, 1.0, 3.0]], "ok": true}, {"name": "db1dd640300349f5bd653aeb03f751c6.jpg", "nickname": "WIN_20220908_18_10_51_Pro (2).jpg", "pred": [[53, 88, 110, 147, 0.935523271560669, 4.0], [117, 87, 171, 146, 0.9355501532554626, 5.0], [58, 159, 112, 206, 0.9302031993865967, 6.0], [116, 161, 165, 207, 0.934072732925415, 7.0]], "gt": [[52, 88, 111, 147, 1.0, 4.0], [119, 88, 175, 148, 1.0, 5.0], [59, 158, 111, 205, 1.0, 6.0], [118, 159, 164, 204, 1.0, 7.0]], "ok": true}]}}